{"width": 1280, "height": 720, "ppx": 644.77001953125, "ppy": 350.88385009765625, "fx": 638.1552734375, "fy": 638.1552734375, "model": "distortion.brown_conrady", "coeffs": [0.0, 0.0, 0.0, 0.0, 0.0]}